Workbook

Sheet Read_me
A1: ZY-Path UAT data-entry and scoring template
A2: Status | B2: No participant data have been entered. This workbook is not a UAT result.
A3: Baseline | B3: codex-ready-2026-10-15 @ 1f3e01e
A4: Privacy | B4: Use anonymous participant IDs. Keep consent records separately.
A5: Before testing | B5: Confirm institutional requirements; prepare authorised sample images and trusted model files.
A6: SUS | B6: Enter 10 integers, 1–5. Incomplete/invalid forms remain unscored.
A7: Tasks | B7: Independent success, Assisted success, Unsuccessful, Not attempted, or Blocked.
A8: Feature ratings | B8: Enter 1–5 only for used features; leave unused features blank and explain in notes.
A9: Summary | B9: Formula-based statistics recalculate in Excel/LibreOffice; no numeric result is reported before data entry.
A10: Limit | B10: SUS is 0–100, not a percentage of completed tasks or a diagnostic metric.
A11: Capacity | B11: 50 anonymous participants; extend formulas/validation if more are recruited.
A12: Protocol | B12: See Appendix B and the separate UAT questionnaire.
A13: Missingness | B13: Do not replace missing answers with zeros. Document exclusions.
A14: Completion | B14: Report denominators; assisted/blocked/not attempted outcomes remain separate.

Sheet Participants
A1: Participant_ID | B1: Role | C1: Pathology_experience | D1: Programming_AI_experience | E1: Prior_pathology_tool | F1: Device_display_scale | G1: Consent_participate | H1: Consent_quote | I1: Notes

Sheet SUS_responses
A1: Participant_ID | B1: Q1 | C1: Q2 | D1: Q3 | E1: Q4 | F1: Q5 | G1: Q6 | H1: Q7 | I1: Q8 | J1: Q9 | K1: Q10 | L1: Valid_items | M1: SUS_score | N1: Status
L2: =IF(COUNTA(B2:K2)=0,"",COUNT(B2:K2)) | M2: =IFERROR(IF(AND(A2<>"",COUNTIF($A$2:$A$51,A2)=1,COUNT(B2:K2)=10,COUNTIF(B2:K2,">=1")=10,COUNTIF(B2:K2,"<=5")=10,SUMPRODUCT(--(MOD(B2:K2,1)=0))=10),2.5*((B2-1)+(5-C2)+(D2-1)+(5-E2)+(F2-1)+(5-G2)+(H2-1)+(5-I2)+(J2-1)+(5-K2)),""),"") | N2: =IF(COUNTA(B2:K2)=0,"",IF(ISNUMBER(M2),"Complete","Check ID / missing / invalid"))
L3: =IF(COUNTA(B3:K3)=0,"",COUNT(B3:K3)) | M3: =IFERROR(IF(AND(A3<>"",COUNTIF($A$2:$A$51,A3)=1,COUNT(B3:K3)=10,COUNTIF(B3:K3,">=1")=10,COUNTIF(B3:K3,"<=5")=10,SUMPRODUCT(--(MOD(B3:K3,1)=0))=10),2.5*((B3-1)+(5-C3)+(D3-1)+(5-E3)+(F3-1)+(5-G3)+(H3-1)+(5-I3)+(J3-1)+(5-K3)),""),"") | N3: =IF(COUNTA(B3:K3)=0,"",IF(ISNUMBER(M3),"Complete","Check ID / missing / invalid"))
L4: =IF(COUNTA(B4:K4)=0,"",COUNT(B4:K4)) | M4: =IFERROR(IF(AND(A4<>"",COUNTIF($A$2:$A$51,A4)=1,COUNT(B4:K4)=10,COUNTIF(B4:K4,">=1")=10,COUNTIF(B4:K4,"<=5")=10,SUMPRODUCT(--(MOD(B4:K4,1)=0))=10),2.5*((B4-1)+(5-C4)+(D4-1)+(5-E4)+(F4-1)+(5-G4)+(H4-1)+(5-I4)+(J4-1)+(5-K4)),""),"") | N4: =IF(COUNTA(B4:K4)=0,"",IF(ISNUMBER(M4),"Complete","Check ID / missing / invalid"))
L5: =IF(COUNTA(B5:K5)=0,"",COUNT(B5:K5)) | M5: =IFERROR(IF(AND(A5<>"",COUNTIF($A$2:$A$51,A5)=1,COUNT(B5:K5)=10,COUNTIF(B5:K5,">=1")=10,COUNTIF(B5:K5,"<=5")=10,SUMPRODUCT(--(MOD(B5:K5,1)=0))=10),2.5*((B5-1)+(5-C5)+(D5-1)+(5-E5)+(F5-1)+(5-G5)+(H5-1)+(5-I5)+(J5-1)+(5-K5)),""),"") | N5: =IF(COUNTA(B5:K5)=0,"",IF(ISNUMBER(M5),"Complete","Check ID / missing / invalid"))
L6: =IF(COUNTA(B6:K6)=0,"",COUNT(B6:K6)) | M6: =IFERROR(IF(AND(A6<>"",COUNTIF($A$2:$A$51,A6)=1,COUNT(B6:K6)=10,COUNTIF(B6:K6,">=1")=10,COUNTIF(B6:K6,"<=5")=10,SUMPRODUCT(--(MOD(B6:K6,1)=0))=10),2.5*((B6-1)+(5-C6)+(D6-1)+(5-E6)+(F6-1)+(5-G6)+(H6-1)+(5-I6)+(J6-1)+(5-K6)),""),"") | N6: =IF(COUNTA(B6:K6)=0,"",IF(ISNUMBER(M6),"Complete","Check ID / missing / invalid"))
L7: =IF(COUNTA(B7:K7)=0,"",COUNT(B7:K7)) | M7: =IFERROR(IF(AND(A7<>"",COUNTIF($A$2:$A$51,A7)=1,COUNT(B7:K7)=10,COUNTIF(B7:K7,">=1")=10,COUNTIF(B7:K7,"<=5")=10,SUMPRODUCT(--(MOD(B7:K7,1)=0))=10),2.5*((B7-1)+(5-C7)+(D7-1)+(5-E7)+(F7-1)+(5-G7)+(H7-1)+(5-I7)+(J7-1)+(5-K7)),""),"") | N7: =IF(COUNTA(B7:K7)=0,"",IF(ISNUMBER(M7),"Complete","Check ID / missing / invalid"))
L8: =IF(COUNTA(B8:K8)=0,"",COUNT(B8:K8)) | M8: =IFERROR(IF(AND(A8<>"",COUNTIF($A$2:$A$51,A8)=1,COUNT(B8:K8)=10,COUNTIF(B8:K8,">=1")=10,COUNTIF(B8:K8,"<=5")=10,SUMPRODUCT(--(MOD(B8:K8,1)=0))=10),2.5*((B8-1)+(5-C8)+(D8-1)+(5-E8)+(F8-1)+(5-G8)+(H8-1)+(5-I8)+(J8-1)+(5-K8)),""),"") | N8: =IF(COUNTA(B8:K8)=0,"",IF(ISNUMBER(M8),"Complete","Check ID / missing / invalid"))
L9: =IF(COUNTA(B9:K9)=0,"",COUNT(B9:K9)) | M9: =IFERROR(IF(AND(A9<>"",COUNTIF($A$2:$A$51,A9)=1,COUNT(B9:K9)=10,COUNTIF(B9:K9,">=1")=10,COUNTIF(B9:K9,"<=5")=10,SUMPRODUCT(--(MOD(B9:K9,1)=0))=10),2.5*((B9-1)+(5-C9)+(D9-1)+(5-E9)+(F9-1)+(5-G9)+(H9-1)+(5-I9)+(J9-1)+(5-K9)),""),"") | N9: =IF(COUNTA(B9:K9)=0,"",IF(ISNUMBER(M9),"Complete","Check ID / missing / invalid"))
L10: =IF(COUNTA(B10:K10)=0,"",COUNT(B10:K10)) | M10: =IFERROR(IF(AND(A10<>"",COUNTIF($A$2:$A$51,A10)=1,COUNT(B10:K10)=10,COUNTIF(B10:K10,">=1")=10,COUNTIF(B10:K10,"<=5")=10,SUMPRODUCT(--(MOD(B10:K10,1)=0))=10),2.5*((B10-1)+(5-C10)+(D10-1)+(5-E10)+(F10-1)+(5-G10)+(H10-1)+(5-I10)+(J10-1)+(5-K10)),""),"") | N10: =IF(COUNTA(B10:K10)=0,"",IF(ISNUMBER(M10),"Complete","Check ID / missing / invalid"))
L11: =IF(COUNTA(B11:K11)=0,"",COUNT(B11:K11)) | M11: =IFERROR(IF(AND(A11<>"",COUNTIF($A$2:$A$51,A11)=1,COUNT(B11:K11)=10,COUNTIF(B11:K11,">=1")=10,COUNTIF(B11:K11,"<=5")=10,SUMPRODUCT(--(MOD(B11:K11,1)=0))=10),2.5*((B11-1)+(5-C11)+(D11-1)+(5-E11)+(F11-1)+(5-G11)+(H11-1)+(5-I11)+(J11-1)+(5-K11)),""),"") | N11: =IF(COUNTA(B11:K11)=0,"",IF(ISNUMBER(M11),"Complete","Check ID / missing / invalid"))
L12: =IF(COUNTA(B12:K12)=0,"",COUNT(B12:K12)) | M12: =IFERROR(IF(AND(A12<>"",COUNTIF($A$2:$A$51,A12)=1,COUNT(B12:K12)=10,COUNTIF(B12:K12,">=1")=10,COUNTIF(B12:K12,"<=5")=10,SUMPRODUCT(--(MOD(B12:K12,1)=0))=10),2.5*((B12-1)+(5-C12)+(D12-1)+(5-E12)+(F12-1)+(5-G12)+(H12-1)+(5-I12)+(J12-1)+(5-K12)),""),"") | N12: =IF(COUNTA(B12:K12)=0,"",IF(ISNUMBER(M12),"Complete","Check ID / missing / invalid"))
L13: =IF(COUNTA(B13:K13)=0,"",COUNT(B13:K13)) | M13: =IFERROR(IF(AND(A13<>"",COUNTIF($A$2:$A$51,A13)=1,COUNT(B13:K13)=10,COUNTIF(B13:K13,">=1")=10,COUNTIF(B13:K13,"<=5")=10,SUMPRODUCT(--(MOD(B13:K13,1)=0))=10),2.5*((B13-1)+(5-C13)+(D13-1)+(5-E13)+(F13-1)+(5-G13)+(H13-1)+(5-I13)+(J13-1)+(5-K13)),""),"") | N13: =IF(COUNTA(B13:K13)=0,"",IF(ISNUMBER(M13),"Complete","Check ID / missing / invalid"))
... L51: =IF(COUNTA(B51:K51)=0,"",COUNT(B51:K51)) | M51: =IFERROR(IF(AND(A51<>"",COUNTIF($A$2:$A$51,A51)=1,COUNT(B51:K51)=10,COUNTIF(B51:K51,">=1")=10,COUNTIF(B51:K51,"<=5")=10,SUMPRODUCT(--(MOD(B51:K51,1)=0))=10),2.5*((B51-1)+(5-C51)+(D51-1)+(5-E51)+(F51-1)+(5-G51)+(H51-1)+(5-I51)+(J51-1)+(5-K51)),""),"") | N51: =IF(COUNTA(B51:K51)=0,"",IF(ISNUMBER(M51),"Complete","Check ID / missing / invalid"))

Sheet Task_log
A1: Participant_ID | B1: Task_ID | C1: Outcome | D1: Elapsed_seconds | E1: Assistance_count | F1: Critical_error | G1: Environment_issue | H1: Notes

Sheet Feature_ratings
A1: Participant_ID | B1: Model_selection | C1: Mode_tile_settings | D1: Legend_statistics | E1: Tile_details | F1: Comparison_linked | G1: Segmentation | H1: History_rerun | I1: Export | J1: Cancel_progress | K1: Settings_help | L1: Acceptability_yes_maybe_no | M1: Unused_or_missing_notes

Sheet Qualitative
A1: Participant_ID | B1: Question | C1: Response | D1: Quote_consent | E1: Initial_code | F1: Theme | G1: Analyst_note

Sheet Summary
A1: Measure | B1: Value | C1: Interpretation
A2: Valid SUS responses | B2: =COUNT(SUS_responses!M2:M51) | C2: Complete forms only
A3: Mean SUS | B3: =IF(B2=0,"",AVERAGE(SUS_responses!M2:M51)) | C3: 0–100, not a task-success percentage
A4: SUS SD | B4: =IF(B2<2,"",STDEV(SUS_responses!M2:M51)) | C4: Sample standard deviation
A5: Median SUS | B5: =IF(B2=0,"",MEDIAN(SUS_responses!M2:M51)) | C5: Useful descriptive companion for a small pilot
A6: Minimum SUS | B6: =IF(B2=0,"",MIN(SUS_responses!M2:M51)) | C6: Only after valid responses exist
A7: Maximum SUS | B7: =IF(B2=0,"",MAX(SUS_responses!M2:M51)) | C7: Only after valid responses exist
A8: SUS IQR | B8: =IF(B2<2,"",QUARTILE(SUS_responses!M2:M51,3)-QUARTILE(SUS_responses!M2:M51,1)) | C8: State quartile convention in the report
A9: Independent task successes | B9: =COUNTIF(Task_log!C2:C501,"Independent success") | C9: Do not combine with assisted success
A10: Assisted task successes | B10: =COUNTIF(Task_log!C2:C501,"Assisted success") | C10: Report separately
A11: Unsuccessful attempts | B11: =COUNTIF(Task_log!C2:C501,"Unsuccessful") | C11: Completed attempt with unsuccessful outcome
A12: Actual evaluable attempts | B12: =SUM(B9:B11) | C12: Independent + assisted + unsuccessful; excludes blocked/not attempted
A13: Independent completion rate | B13: =IF(B12=0,"",B9/B12) | C13: Report counts and denominator
A14: Environment-blocked attempts | B14: =COUNTIF(Task_log!C2:C501,"Blocked") | C14: Do not count as participant errors
A15: Not attempted | B15: =COUNTIF(Task_log!C2:C501,"Not attempted") | C15: Report reason in task notes
A17: Feature | B17: Mean used-feature rating | C17: Valid numerical responses
A18: Model_selection | B18: =IF(COUNT(Feature_ratings!B2:B51)=0,"",AVERAGE(Feature_ratings!B2:B51)) | C18: =COUNT(Feature_ratings!B2:B51)
A19: Mode_tile_settings | B19: =IF(COUNT(Feature_ratings!C2:C51)=0,"",AVERAGE(Feature_ratings!C2:C51)) | C19: =COUNT(Feature_ratings!C2:C51)
A20: Legend_statistics | B20: =IF(COUNT(Feature_ratings!D2:D51)=0,"",AVERAGE(Feature_ratings!D2:D51)) | C20: =COUNT(Feature_ratings!D2:D51)
A21: Tile_details | B21: =IF(COUNT(Feature_ratings!E2:E51)=0,"",AVERAGE(Feature_ratings!E2:E51)) | C21: =COUNT(Feature_ratings!E2:E51)
A22: Comparison_linked | B22: =IF(COUNT(Feature_ratings!F2:F51)=0,"",AVERAGE(Feature_ratings!F2:F51)) | C22: =COUNT(Feature_ratings!F2:F51)
A23: Segmentation | B23: =IF(COUNT(Feature_ratings!G2:G51)=0,"",AVERAGE(Feature_ratings!G2:G51)) | C23: =COUNT(Feature_ratings!G2:G51)
A24: History_rerun | B24: =IF(COUNT(Feature_ratings!H2:H51)=0,"",AVERAGE(Feature_ratings!H2:H51)) | C24: =COUNT(Feature_ratings!H2:H51)
A25: Export | B25: =IF(COUNT(Feature_ratings!I2:I51)=0,"",AVERAGE(Feature_ratings!I2:I51)) | C25: =COUNT(Feature_ratings!I2:I51)
A26: Cancel_progress | B26: =IF(COUNT(Feature_ratings!J2:J51)=0,"",AVERAGE(Feature_ratings!J2:J51)) | C26: =COUNT(Feature_ratings!J2:J51)
A27: Settings_help | B27: =IF(COUNT(Feature_ratings!K2:K51)=0,"",AVERAGE(Feature_ratings!K2:K51)) | C27: =COUNT(Feature_ratings!K2:K51)
